Workbook
Name Slicer_Customer_Name: #N/A
Name Slicer_Segment: #N/A

Sheet Raw_Data
A1: Order_ID | B1: Customer_ID | C1: Customer_Name | D1: Order_Date | E1: Revenue
A2: 1001 | B2: C001 | C2: Amit | D2: 45293 | E2: 120
A3: 1002 | B3: C002 | C3: Rahul | D3: 45296 | E3: 340
A4: 1003 | B4: C003 | C4: Priya | D4: 45297 | E4: 220
A5: 1004 | B5: C001 | C5: Amit | D5: 45303 | E5: 560
A6: 1005 | B6: C004 | C6: Neha | D6: 45306 | E6: 180
A7: 1006 | B7: C002 | C7: Rahul | D7: 45313 | E7: 410
A8: 1007 | B8: C005 | C8: Karan | D8: 45316 | E8: 90
A9: 1008 | B9: C003 | C9: Priya | D9: 45324 | E9: 620
A10: 1009 | B10: C001 | C10: Amit | D10: 45327 | E10: 250
A11: 1010 | B11: C006 | C11: Meera | D11: 45330 | E11: 700
A12: 1011 | B12: C007 | C12: Ravi | D12: 45337 | E12: 120
A13: 1012 | B13: C004 | C13: Neha | D13: 45342 | E13: 260
... A31: 1030 | B31: C002 | C31: Rahul | D31: 45407 | E31: 580

Sheet Pivots
A3: Row Labels | B3: Sum of Total_Revenue | D3: Row Labels | E3: Count of Customer_ID
A4: High Value | B4: 7830 | D4: High Value | E4: 3
A5: Low Engagement | B5: 750 | D5: Low Engagement | E5: 3
A6: Loyal | B6: 3530 | D6: Loyal | E6: 3
A7: Regular | B7: 470 | D7: Regular | E7: 1
A8: Grand Total | B8: 12580 | D8: Grand Total | E8: 10

Sheet Customer_Summary
A1: Customer_ID | B1: Customer_Name | C1: Total_Revenue | D1: Frequency | E1: Last_Order_Date | F1: Recency | G1: R_Score | H1: F_Score | I1: M_Score | J1: RFM_Score | K1: Segment | L1: Assumption Date
A2: {=_xlfn.UNIQUE(Raw_Data!B2:B31)} -> C001 | B2: =_xlfn.XLOOKUP(A2,Raw_Data!B:B,Raw_Data!C:C) -> Amit | C2: =SUMIFS(Raw_Data!E:E,Raw_Data!B:B,A2) -> 3230 | D2: =COUNTIFS(Raw_Data!B:B,A2) -> 6 | E2: =_xlfn.MAXIFS(Raw_Data!D:D,Raw_Data!B:B,A2) -> 45402 | F2: =$L$2-E2 -> 10 | G2: =IF(F2<=30,5, IF(F2<=60,4, IF(F2<=90,3, IF(F2<=120,2,1)))) -> 5 | H2: =IF(D2>=5,5, IF(D2=4,4, IF(D2=3,3, IF(D2=2,2,1)))) -> 5 | I2: =IF(C2>=2500,5, IF(C2>=1800,4, IF(C2>=1200,3, IF(C2>=600,2,1)))) -> 5 | J2: =G2&H2&I2 -> 555 | K2: =IF(AND(G2>=4,H2>=4,I2>=4),"High Value", IF(AND(G2>=4,H2>=3),"Loyal", IF(G2<=2,"At Risk", IF(H2=1,"Low Engagement","Regular")))) -> High Value | L2: 45412
A3: C002 | B3: =_xlfn.XLOOKUP(A3,Raw_Data!B:B,Raw_Data!C:C) -> Rahul | C3: =SUMIFS(Raw_Data!E:E,Raw_Data!B:B,A3) -> 2490 | D3: =COUNTIFS(Raw_Data!B:B,A3) -> 5 | E3: =_xlfn.MAXIFS(Raw_Data!D:D,Raw_Data!B:B,A3) -> 45407 | F3: =$L$2-E3 -> 5 | G3: =IF(F3<=30,5, IF(F3<=60,4, IF(F3<=90,3, IF(F3<=120,2,1)))) -> 5 | H3: =IF(D3>=5,5, IF(D3=4,4, IF(D3=3,3, IF(D3=2,2,1)))) -> 5 | I3: =IF(C3>=2500,5, IF(C3>=1800,4, IF(C3>=1200,3, IF(C3>=600,2,1)))) -> 4 | J3: =G3&H3&I3 -> 554 | K3: =IF(AND(G3>=4,H3>=4,I3>=4),"High Value", IF(AND(G3>=4,H3>=3),"Loyal", IF(G3<=2,"At Risk", IF(H3=1,"Low Engagement","Regular")))) -> High Value
A4: C003 | B4: =_xlfn.XLOOKUP(A4,Raw_Data!B:B,Raw_Data!C:C) -> Priya | C4: =SUMIFS(Raw_Data!E:E,Raw_Data!B:B,A4) -> 2110 | D4: =COUNTIFS(Raw_Data!B:B,A4) -> 5 | E4: =_xlfn.MAXIFS(Raw_Data!D:D,Raw_Data!B:B,A4) -> 45397 | F4: =$L$2-E4 -> 15 | G4: =IF(F4<=30,5, IF(F4<=60,4, IF(F4<=90,3, IF(F4<=120,2,1)))) -> 5 | H4: =IF(D4>=5,5, IF(D4=4,4, IF(D4=3,3, IF(D4=2,2,1)))) -> 5 | I4: =IF(C4>=2500,5, IF(C4>=1800,4, IF(C4>=1200,3, IF(C4>=600,2,1)))) -> 4 | J4: =G4&H4&I4 -> 554 | K4: =IF(AND(G4>=4,H4>=4,I4>=4),"High Value", IF(AND(G4>=4,H4>=3),"Loyal", IF(G4<=2,"At Risk", IF(H4=1,"Low Engagement","Regular")))) -> High Value
A5: C004 | B5: =_xlfn.XLOOKUP(A5,Raw_Data!B:B,Raw_Data!C:C) -> Neha | C5: =SUMIFS(Raw_Data!E:E,Raw_Data!B:B,A5) -> 720 | D5: =COUNTIFS(Raw_Data!B:B,A5) -> 3 | E5: =_xlfn.MAXIFS(Raw_Data!D:D,Raw_Data!B:B,A5) -> 45386 | F5: =$L$2-E5 -> 26 | G5: =IF(F5<=30,5, IF(F5<=60,4, IF(F5<=90,3, IF(F5<=120,2,1)))) -> 5 | H5: =IF(D5>=5,5, IF(D5=4,4, IF(D5=3,3, IF(D5=2,2,1)))) -> 3 | I5: =IF(C5>=2500,5, IF(C5>=1800,4, IF(C5>=1200,3, IF(C5>=600,2,1)))) -> 2 | J5: =G5&H5&I5 -> 532 | K5: =IF(AND(G5>=4,H5>=4,I5>=4),"High Value", IF(AND(G5>=4,H5>=3),"Loyal", IF(G5<=2,"At Risk", IF(H5=1,"Low Engagement","Regular")))) -> Loyal
A6: C005 | B6: =_xlfn.XLOOKUP(A6,Raw_Data!B:B,Raw_Data!C:C) -> Karan | C6: =SUMIFS(Raw_Data!E:E,Raw_Data!B:B,A6) -> 430 | D6: =COUNTIFS(Raw_Data!B:B,A6) -> 3 | E6: =_xlfn.MAXIFS(Raw_Data!D:D,Raw_Data!B:B,A6) -> 45400 | F6: =$L$2-E6 -> 12 | G6: =IF(F6<=30,5, IF(F6<=60,4, IF(F6<=90,3, IF(F6<=120,2,1)))) -> 5 | H6: =IF(D6>=5,5, IF(D6=4,4, IF(D6=3,3, IF(D6=2,2,1)))) -> 3 | I6: =IF(C6>=2500,5, IF(C6>=1800,4, IF(C6>=1200,3, IF(C6>=600,2,1)))) -> 1 | J6: =G6&H6&I6 -> 531 | K6: =IF(AND(G6>=4,H6>=4,I6>=4),"High Value", IF(AND(G6>=4,H6>=3),"Loyal", IF(G6<=2,"At Risk", IF(H6=1,"Low Engagement","Regular")))) -> Loyal
A7: C006 | B7: =_xlfn.XLOOKUP(A7,Raw_Data!B:B,Raw_Data!C:C) -> Meera | C7: =SUMIFS(Raw_Data!E:E,Raw_Data!B:B,A7) -> 2380 | D7: =COUNTIFS(Raw_Data!B:B,A7) -> 3 | E7: =_xlfn.MAXIFS(Raw_Data!D:D,Raw_Data!B:B,A7) -> 45394 | F7: =$L$2-E7 -> 18 | G7: =IF(F7<=30,5, IF(F7<=60,4, IF(F7<=90,3, IF(F7<=120,2,1)))) -> 5 | H7: =IF(D7>=5,5, IF(D7=4,4, IF(D7=3,3, IF(D7=2,2,1)))) -> 3 | I7: =IF(C7>=2500,5, IF(C7>=1800,4, IF(C7>=1200,3, IF(C7>=600,2,1)))) -> 4 | J7: =G7&H7&I7 -> 534 | K7: =IF(AND(G7>=4,H7>=4,I7>=4),"High Value", IF(AND(G7>=4,H7>=3),"Loyal", IF(G7<=2,"At Risk", IF(H7=1,"Low Engagement","Regular")))) -> Loyal
A8: C007 | B8: =_xlfn.XLOOKUP(A8,Raw_Data!B:B,Raw_Data!C:C) -> Ravi | C8: =SUMIFS(Raw_Data!E:E,Raw_Data!B:B,A8) -> 470 | D8: =COUNTIFS(Raw_Data!B:B,A8) -> 2 | E8: =_xlfn.MAXIFS(Raw_Data!D:D,Raw_Data!B:B,A8) -> 45390 | F8: =$L$2-E8 -> 22 | G8: =IF(F8<=30,5, IF(F8<=60,4, IF(F8<=90,3, IF(F8<=120,2,1)))) -> 5 | H8: =IF(D8>=5,5, IF(D8=4,4, IF(D8=3,3, IF(D8=2,2,1)))) -> 2 | I8: =IF(C8>=2500,5, IF(C8>=1800,4, IF(C8>=1200,3, IF(C8>=600,2,1)))) -> 1 | J8: =G8&H8&I8 -> 521 | K8: =IF(AND(G8>=4,H8>=4,I8>=4),"High Value", IF(AND(G8>=4,H8>=3),"Loyal", IF(G8<=2,"At Risk", IF(H8=1,"Low Engagement","Regular")))) -> Regular
A9: C008 | B9: =_xlfn.XLOOKUP(A9,Raw_Data!B:B,Raw_Data!C:C) -> Sonia | C9: =SUMIFS(Raw_Data!E:E,Raw_Data!B:B,A9) -> 450 | D9: =COUNTIFS(Raw_Data!B:B,A9) -> 1 | E9: =_xlfn.MAXIFS(Raw_Data!D:D,Raw_Data!B:B,A9) -> 45361 | F9: =$L$2-E9 -> 51 | G9: =IF(F9<=30,5, IF(F9<=60,4, IF(F9<=90,3, IF(F9<=120,2,1)))) -> 4 | H9: =IF(D9>=5,5, IF(D9=4,4, IF(D9=3,3, IF(D9=2,2,1)))) -> 1 | I9: =IF(C9>=2500,5, IF(C9>=1800,4, IF(C9>=1200,3, IF(C9>=600,2,1)))) -> 1 | J9: =G9&H9&I9 -> 411 | K9: =IF(AND(G9>=4,H9>=4,I9>=4),"High Value", IF(AND(G9>=4,H9>=3),"Loyal", IF(G9<=2,"At Risk", IF(H9=1,"Low Engagement","Regular")))) -> Low Engagement
A10: C009 | B10: =_xlfn.XLOOKUP(A10,Raw_Data!B:B,Raw_Data!C:C) -> Vikram | C10: =SUMIFS(Raw_Data!E:E,Raw_Data!B:B,A10) -> 170 | D10: =COUNTIFS(Raw_Data!B:B,A10) -> 1 | E10: =_xlfn.MAXIFS(Raw_Data!D:D,Raw_Data!B:B,A10) -> 45363 | F10: =$L$2-E10 -> 49 | G10: =IF(F10<=30,5, IF(F10<=60,4, IF(F10<=90,3, IF(F10<=120,2,1)))) -> 4 | H10: =IF(D10>=5,5, IF(D10=4,4, IF(D10=3,3, IF(D10=2,2,1)))) -> 1 | I10: =IF(C10>=2500,5, IF(C10>=1800,4, IF(C10>=1200,3, IF(C10>=600,2,1)))) -> 1 | J10: =G10&H10&I10 -> 411 | K10: =IF(AND(G10>=4,H10>=4,I10>=4),"High Value", IF(AND(G10>=4,H10>=3),"Loyal", IF(G10<=2,"At Risk", IF(H10=1,"Low Engagement","Regular")))) -> Low Engagement
A11: C010 | B11: =_xlfn.XLOOKUP(A11,Raw_Data!B:B,Raw_Data!C:C) -> Pooja | C11: =SUMIFS(Raw_Data!E:E,Raw_Data!B:B,A11) -> 130 | D11: =COUNTIFS(Raw_Data!B:B,A11) -> 1 | E11: =_xlfn.MAXIFS(Raw_Data!D:D,Raw_Data!B:B,A11) -> 45373 | F11: =$L$2-E11 -> 39 | G11: =IF(F11<=30,5, IF(F11<=60,4, IF(F11<=90,3, IF(F11<=120,2,1)))) -> 4 | H11: =IF(D11>=5,5, IF(D11=4,4, IF(D11=3,3, IF(D11=2,2,1)))) -> 1 | I11: =IF(C11>=2500,5, IF(C11>=1800,4, IF(C11>=1200,3, IF(C11>=600,2,1)))) -> 1 | J11: =G11&H11&I11 -> 411 | K11: =IF(AND(G11>=4,H11>=4,I11>=4),"High Value", IF(AND(G11>=4,H11>=3),"Loyal", IF(G11<=2,"At Risk", IF(H11=1,"Low Engagement","Regular")))) -> Low Engagement

Sheet Dashboard
F4: Total Revenue | H4: Total Customers | K4: Avg Revenue per Customer | O4: High Value Customers
F5: =SUM(Customer_Summary!C:C) -> 12580 | H5: =COUNTA(Customer_Summary!A:A) -> 11 | K5: =AVERAGE(Customer_Summary!C:C) -> 1258 | O5: =COUNTIF(Customer_Summary!K:K,"High Value") -> 3
